<metadata xml:lang="fi"><Esri><CreaDate>20160922</CreaDate><CreaTime>11292900</CreaTime><ArcGISFormat>1.0</ArcGISFormat><SyncOnce>TRUE</SyncOnce><ModDate>20161104</ModDate><ModTime>15245900</ModTime><scaleRange><minScale>150000000</minScale><maxScale>5000</maxScale></scaleRange><ArcGISProfile>ItemDescription</ArcGISProfile></Esri><tool name="CalculateResponse" displayname="Calculate response" toolboxalias="ArcSDM" xmlns=""><arcToolboxHelpPath>c:\program files (x86)\arcgis\desktop10.4\Help\gp</arcToolboxHelpPath><parameters><param name="Input_evidence_raster_layers" displayname="Input Raster Layer(s)" type="Required" direction="Input" datatype="Value Table" expression="Evidence raster;Evidence raster..."><dialogReference>&lt;DIV STYLE="text-align:Left;"&gt;&lt;P&gt;&lt;SPAN&gt;One or more input evidence rasters. &lt;/SPAN&gt;&lt;/P&gt;&lt;P&gt;&lt;SPAN&gt;Evidence rasters must be integer rasters. &lt;/SPAN&gt;&lt;/P&gt;&lt;P&gt;&lt;SPAN&gt;The environment must be set before running this tool. This includes the General parameters of Workspace, Scratch Workspace, and extent; and the Raster parametes of cell size and mask. &lt;/SPAN&gt;&lt;/P&gt;&lt;/DIV&gt;</dialogReference></param><param name="input_weights_tables" displayname="Input weights tables" type="Required" direction="Input" datatype="Value Table" expression="Weights table;Weights table..."><dialogReference>&lt;DIV STYLE="text-align:Left;"&gt;&lt;P&gt;&lt;SPAN&gt;Weights-of-evidence tables for each raster. &lt;/SPAN&gt;&lt;/P&gt;&lt;P&gt;&lt;SPAN&gt;Tables must be in same order as evidence rasters they are associated with. &lt;/SPAN&gt;&lt;/P&gt;&lt;/DIV&gt;</dialogReference></param><param name="training_sites" displayname="Training sites" type="Required" direction="Input" datatype="Feature Layer" expression="training_sites"><dialogReference>&lt;DIV STYLE="text-align:Left;"&gt;&lt;P&gt;&lt;SPAN&gt;Training sites&lt;/SPAN&gt;&lt;/P&gt;&lt;/DIV&gt;</dialogReference></param><param name="Ignore missing data" displayname="Ignore missing data" type="Optional" direction="Output" datatype="Boolean" expression="{Ignore missing data}"><dialogReference>&lt;DIV STYLE="text-align:Left;"&gt;&lt;DIV&gt;&lt;P&gt;&lt;SPAN&gt;Ignored missing data values are converted to NoData values. &lt;/SPAN&gt;&lt;/P&gt;&lt;/DIV&gt;&lt;/DIV&gt;</dialogReference></param><param name="Missing_Data_Value" displayname="Missing data value" type="Required" direction="Output" datatype="Long" expression="Missing_Data_Value"><dialogReference>&lt;DIV STYLE="text-align:Left;"&gt;&lt;DIV&gt;&lt;P&gt;&lt;SPAN&gt;Default missing data value is -99. If this value is not appropriate because it conflicts with valid evidence values, the user can select another negative value. &lt;/SPAN&gt;&lt;/P&gt;&lt;P&gt;&lt;SPAN&gt;The Missing Data value is required to be a negative integer smaller than the other valid values in the evidence raster. &lt;/SPAN&gt;&lt;/P&gt;&lt;/DIV&gt;&lt;/DIV&gt;</dialogReference></param><param name="Unit_Area_sq_km" displayname="Unit area (km^2)" type="Required" direction="Input" datatype="Double" expression="Unit_Area_sq_km"><dialogReference>&lt;DIV STYLE="text-align:Left;"&gt;&lt;DIV&gt;&lt;P&gt;&lt;SPAN&gt;The Unit Area should be a small area relative to the total study area. This area is used as the area of a single training point. The software has a limit for the posterior probability of 0.000001. If the resulting probabilities for a model are smaller than this limit, increasing the unit area will increase the posterior probability. See the WofE Calculate Weights tool for more discussion.&lt;/SPAN&gt;&lt;/P&gt;&lt;/DIV&gt;&lt;/DIV&gt;</dialogReference></param><param name="Output_Post_Probability_raster" displayname="Output post probablity raster" type="Required" direction="Output" datatype="Raster Dataset" expression="Output_Post_Probability_raster"><dialogReference>&lt;DIV STYLE="text-align:Left;"&gt;&lt;DIV&gt;&lt;P&gt;&lt;SPAN&gt;The posterior probabilty response raster created from the sum of the weights.&lt;/SPAN&gt;&lt;/P&gt;&lt;/DIV&gt;&lt;/DIV&gt;</dialogReference></param><param name="Output_Standard_Deviation_raster" displayname="Output standard deviation raster" type="Required" direction="Output" datatype="Raster Dataset" expression="Output_Standard_Deviation_raster"><dialogReference>&lt;DIV STYLE="text-align:Left;"&gt;&lt;DIV&gt;&lt;P&gt;&lt;SPAN&gt;A raster with the standard deviation due to the weights. If there is no missing data, this will also be the total standard deviation for the response raster.&lt;/SPAN&gt;&lt;/P&gt;&lt;/DIV&gt;&lt;/DIV&gt;</dialogReference></param><param name="output_md_variance_raster" displayname="Output MD variance raster" type="Required" direction="Output" datatype="dBASE Table" expression="output_md_variance_raster"><dialogReference>&lt;DIV STYLE="text-align:Left;"&gt;&lt;DIV&gt;&lt;P&gt;&lt;SPAN&gt;A raster of the variance due to missing data. This raster will only be calculated when missing data are expllicitly defined in at least one evidence layer.&lt;/SPAN&gt;&lt;/P&gt;&lt;/DIV&gt;&lt;/DIV&gt;</dialogReference></param><param name="output_total_std_dev_raster" displayname="Output Total Std Deviation Raster" type="Required" direction="Output" datatype="dBASE Table" expression="output_total_std_dev_raster"><dialogReference>&lt;DIV STYLE="text-align:Left;"&gt;&lt;DIV&gt;&lt;P&gt;&lt;SPAN&gt;A raster of the total standard deviation due to the weights and missing data. This raster will only be provided when there is explicitlyl defined missing data in at least one evidence layer. When there is no missing data, the standard deviation due to the weights is used for the total standard deviation.&lt;/SPAN&gt;&lt;/P&gt;&lt;/DIV&gt;&lt;/DIV&gt;</dialogReference></param><param name="Output_Confidence_raster" displayname="Output confidence raster" type="Required" direction="Output" datatype="Raster Dataset" expression="Output_Confidence_raster"><dialogReference>&lt;DIV STYLE="text-align:Left;"&gt;&lt;DIV&gt;&lt;P&gt;&lt;SPAN&gt;A raster showing the confidence that the reported posterior probability is not zero. This is the posterior probability divided by the total standard deviation, an approximite Student T test.&lt;/SPAN&gt;&lt;/P&gt;&lt;/DIV&gt;&lt;/DIV&gt;</dialogReference></param></parameters><summary>&lt;DIV STYLE="text-align:Left;"&gt;&lt;DIV&gt;&lt;P&gt;&lt;SPAN&gt;Use this tool to combine the evidence weighted by their associated generalization in the weights-of-evidence table. This tool calculates the posterior probability, standard deviation (uncertainty) due to weights, variance (uncertainty) due to missing data, and the total standard deviation (uncertainty) based on the evidence and how the evidence is generalized in the associated weights-of-evidence tables.The calculations use the Weight and W_Std in the weights table from Calculate Weights.&lt;/SPAN&gt;&lt;/P&gt;&lt;/DIV&gt;&lt;/DIV&gt;</summary></tool><dataIdInfo><idCitation><resTitle>Calculate response</resTitle></idCitation><idAbs>&lt;DIV STYLE="text-align:Left;"&gt;&lt;DIV&gt;&lt;P&gt;&lt;SPAN&gt;Use this tool to combine the evidence weighted by their associated generalization in the weights-of-evidence table. This tool calculates the posterior probability, standard deviation (uncertainty) due to weights, variance (uncertainty) due to missing data, and the total standard deviation (uncertainty) based on the evidence and how the evidence is generalized in the associated weights-of-evidence tables.The calculations use the Weight and W_Std in the weights table from Calculate Weights.&lt;/SPAN&gt;&lt;/P&gt;&lt;/DIV&gt;&lt;/DIV&gt;</idAbs></dataIdInfo><distInfo><distributor><distorFormat><formatName>ArcToolbox Tool</formatName></distorFormat></distributor></distInfo><mdHrLv><ScopeCd value="005"></ScopeCd></mdHrLv></metadata>
