<metadata xml:lang="fi"><Esri><CreaDate>20160922</CreaDate><CreaTime>11292800</CreaTime><ArcGISFormat>1.0</ArcGISFormat><SyncOnce>TRUE</SyncOnce><ModDate>20161104</ModDate><ModTime>14315400</ModTime><scaleRange><minScale>150000000</minScale><maxScale>5000</maxScale></scaleRange><ArcGISProfile>ItemDescription</ArcGISProfile></Esri><tool name="CategoricalMembershipToool" displayname="Categorical Membership" toolboxalias="ArcSDM" xmlns=""><arcToolboxHelpPath>c:\program files (x86)\arcgis\desktop10.4\Help\gp</arcToolboxHelpPath><parameters><param name="categorical_evidence" displayname="Categorical evidence raster" type="Required" direction="Input" datatype="Raster Layer" expression="categorical_evidence"><dialogReference>&lt;DIV STYLE="text-align:Left;"&gt;&lt;DIV&gt;&lt;P&gt;&lt;SPAN&gt;Categorical evidence raster to which fuzzy membership values are to be assigned to the named classes.&lt;/SPAN&gt;&lt;/P&gt;&lt;/DIV&gt;&lt;/DIV&gt;</dialogReference></param><param name="reclassification" displayname="Reclassification" type="Required" direction="Input" datatype="Table View" expression="reclassification"><dialogReference>&lt;DIV STYLE="text-align:Left;"&gt;&lt;DIV&gt;&lt;P&gt;&lt;SPAN&gt;Create a DBF remap table with the value, categorical attribute and the Fuzzy Membership integer valued membership. The reclassify tool will only take integers. Thus if a membership of 0.3 is desired, the user would enter a 3 and the divisor would be entered below as 10.&lt;/SPAN&gt;&lt;/P&gt;&lt;/DIV&gt;&lt;/DIV&gt;</dialogReference></param><param name="rescale_constant" displayname="Rescale Constant" type="Required" direction="Input" datatype="Long" expression="rescale_constant"><dialogReference>&lt;DIV STYLE="text-align:Left;"&gt;&lt;DIV&gt;&lt;P&gt;&lt;SPAN&gt;Enter the number that is used to divide the integer fuzzy membership values in the Reclassification process. If fuzzy memberships with one significant figure are desired, use a divisor of 10 for integers in the Reclassification of 1, 2, 3, 4, ..., 10.&lt;/SPAN&gt;&lt;/P&gt;&lt;/DIV&gt;&lt;/DIV&gt;</dialogReference></param><param name="fmcat" displayname="FMCat" type="Required" direction="Output" datatype="Raster Dataset" expression="fmcat"><dialogReference>&lt;DIV STYLE="text-align:Left;"&gt;&lt;DIV&gt;&lt;P&gt;&lt;SPAN&gt;Enter the name of the real valued fuzzy membership raster to be created by this process.&lt;/SPAN&gt;&lt;/P&gt;&lt;/DIV&gt;&lt;/DIV&gt;</dialogReference></param></parameters><summary>&lt;DIV STYLE="text-align:Left;"&gt;&lt;DIV&gt;&lt;P&gt;&lt;SPAN&gt;This fuzzification tool is designed create fuzzy memberships for categorical data by first reclassification to integers and then division by an appropriate value. The reclassification inputs might be integers between 0 and 100 with a divisor of 100. This will produce fuzzy memberships with two significant figures. By selecting an appropriate divisor, such as 10, 100, or 1000, the number of signficant figures are determined.&lt;/SPAN&gt;&lt;/P&gt;&lt;P&gt;&lt;SPAN&gt;Once the values are input, they can be saved to a file and reloaded later for use again. Use the Save and Load buttons on the reclassification portion of the window.&lt;/SPAN&gt;&lt;/P&gt;&lt;/DIV&gt;&lt;/DIV&gt;</summary></tool><dataIdInfo><idCitation><resTitle>Categorical Membership</resTitle></idCitation><idAbs>&lt;DIV STYLE="text-align:Left;"&gt;&lt;DIV&gt;&lt;P&gt;&lt;SPAN&gt;This fuzzification tool is designed create fuzzy memberships for categorical data by first reclassification to integers and then division by an appropriate value. The reclassification inputs might be integers between 0 and 100 with a divisor of 100. This will produce fuzzy memberships with two significant figures. By selecting an appropriate divisor, such as 10, 100, or 1000, the number of signficant figures are determined.&lt;/SPAN&gt;&lt;/P&gt;&lt;P&gt;&lt;SPAN&gt;Once the values are input, they can be saved to a file and reloaded later for use again. Use the Save and Load buttons on the reclassification portion of the window.&lt;/SPAN&gt;&lt;/P&gt;&lt;/DIV&gt;&lt;/DIV&gt;</idAbs></dataIdInfo><distInfo><distributor><distorFormat><formatName>ArcToolbox Tool</formatName></distorFormat></distributor></distInfo><mdHrLv><ScopeCd value="005"/></mdHrLv></metadata>
