<metadata xml:lang="en"><Esri><CreaDate>20170718</CreaDate><CreaTime>10422600</CreaTime><ArcGISFormat>1.0</ArcGISFormat><SyncOnce>TRUE</SyncOnce><ModDate>20170718</ModDate><ModTime>13303800</ModTime><scaleRange><minScale>150000000</minScale><maxScale>5000</maxScale></scaleRange><ArcGISProfile>ItemDescription</ArcGISProfile></Esri><tool name="PartitionNNInputFiles" displayname="Partition NNInput Files" toolboxalias="ArcSDM" xmlns=""><arcToolboxHelpPath>c:\program files (x86)\arcgis\desktop10.4\Help\gp</arcToolboxHelpPath><parameters><param name="inputfiles" displayname="Input class.dat file" type="Required" direction="Input" datatype="File" expression="inputfiles"><dialogReference>&lt;DIV STYLE="text-align:Left;"&gt;&lt;DIV&gt;&lt;UL&gt;&lt;LI&gt;&lt;P&gt;&lt;SPAN&gt;Path of class.dta file to partition.&lt;/SPAN&gt;&lt;/P&gt;&lt;/LI&gt;&lt;LI&gt;&lt;P&gt;&lt;SPAN&gt;Input file must have more that 200,000 records.&lt;/SPAN&gt;&lt;/P&gt;&lt;/LI&gt;&lt;LI&gt;&lt;P&gt;&lt;SPAN&gt;Output partitions are named class1.dta,...,classN.dta.&lt;/SPAN&gt;&lt;/P&gt;&lt;/LI&gt;&lt;LI&gt;&lt;P&gt;&lt;SPAN&gt;For example, class0.dta produces class01.dta,...,class0N.dta.&lt;/SPAN&gt;&lt;/P&gt;&lt;/LI&gt;&lt;/UL&gt;&lt;P&gt;&lt;SPAN /&gt;&lt;/P&gt;&lt;/DIV&gt;&lt;/DIV&gt;</dialogReference></param></parameters><summary>&lt;DIV STYLE="text-align:Left;"&gt;&lt;DIV&gt;&lt;P&gt;&lt;SPAN&gt;This tool is used to partition a Class file with more than 200,000 records into subsets of 200,000 or fewer records. Then GeoXplore can classify each of these partitioned files to create the output RBN, FUZ, or PNN files. These partitioned outputs can then be recombine using the Combine NNOuput Files. This tool is needed because of the 200,000 record limit of GeoXplore.&lt;/SPAN&gt;&lt;/P&gt;&lt;P&gt;&lt;SPAN /&gt;&lt;/P&gt;&lt;P&gt;&lt;SPAN /&gt;&lt;/P&gt;&lt;/DIV&gt;&lt;/DIV&gt;</summary></tool><dataIdInfo><idCitation><resTitle>Partition NNInput Files</resTitle></idCitation><idAbs>&lt;DIV STYLE="text-align:Left;"&gt;&lt;DIV&gt;&lt;P&gt;&lt;SPAN&gt;This tool is used to partition a Class file with more than 200,000 records into subsets of 200,000 or fewer records. Then GeoXplore can classify each of these partitioned files to create the output RBN, FUZ, or PNN files. These partitioned outputs can then be recombine using the Combine NNOuput Files. This tool is needed because of the 200,000 record limit of GeoXplore.&lt;/SPAN&gt;&lt;/P&gt;&lt;P&gt;&lt;SPAN /&gt;&lt;/P&gt;&lt;P&gt;&lt;SPAN /&gt;&lt;/P&gt;&lt;/DIV&gt;&lt;/DIV&gt;</idAbs><searchKeys><keyword>Neural networks</keyword><keyword>partition</keyword></searchKeys></dataIdInfo><distInfo><distributor><distorFormat><formatName>ArcToolbox Tool</formatName></distorFormat></distributor></distInfo><mdHrLv><ScopeCd value="005"></ScopeCd></mdHrLv></metadata>
