<metadata xml:lang="en"><Esri><CreaDate>20170614</CreaDate><CreaTime>16344500</CreaTime><ArcGISFormat>1.0</ArcGISFormat><SyncOnce>TRUE</SyncOnce><ModDate>20171010</ModDate><ModTime>17111100</ModTime><scaleRange><minScale>150000000</minScale><maxScale>5000</maxScale></scaleRange><ArcGISProfile>ItemDescription</ArcGISProfile></Esri><tool name="EnrichPoints" displayname="Enrich Points" toolboxalias="experimentaltools" xmlns=""><arcToolboxHelpPath>c:\program files (x86)\arcgis\desktop10.5\Help\gp</arcToolboxHelpPath><parameters><param name="class1_points" displayname="Class 1 Points (Deposit)" type="Optional" direction="Input" datatype="Feature Layer" expression="{class1_points}"><dialogReference>&lt;DIV STYLE="text-align:Left;"&gt;&lt;DIV&gt;&lt;DIV&gt;&lt;P&gt;&lt;SPAN&gt;Name of the feature label&lt;/SPAN&gt;&lt;SPAN&gt;l&lt;/SPAN&gt;&lt;SPAN&gt;ed as 1&lt;/SPAN&gt;&lt;SPAN&gt;. Usually deposits &lt;/SPAN&gt;&lt;/P&gt;&lt;/DIV&gt;&lt;/DIV&gt;&lt;/DIV&gt;</dialogReference><pythonReference>&lt;DIV STYLE="text-align:Left;"&gt;&lt;DIV&gt;&lt;DIV&gt;&lt;P&gt;&lt;SPAN&gt;Name of the feature label&lt;/SPAN&gt;&lt;SPAN&gt;l&lt;/SPAN&gt;&lt;SPAN&gt;ed as 1&lt;/SPAN&gt;&lt;SPAN&gt;. Usually deposits &lt;/SPAN&gt;&lt;/P&gt;&lt;/DIV&gt;&lt;/DIV&gt;&lt;/DIV&gt;</pythonReference></param><param name="class2_points" displayname="Class -1 Points (Non Deposit)" type="Optional" direction="Input" datatype="Feature Layer" expression="{class2_points}"><dialogReference>&lt;DIV STYLE="text-align:Left;"&gt;&lt;DIV&gt;&lt;DIV&gt;&lt;P&gt;&lt;SPAN&gt;Name of the feature labe&lt;/SPAN&gt;&lt;SPAN&gt;l&lt;/SPAN&gt;&lt;SPAN&gt;led as &lt;/SPAN&gt;&lt;SPAN&gt;-&lt;/SPAN&gt;&lt;SPAN&gt;1&lt;/SPAN&gt;&lt;SPAN&gt;. Usually non-deposits &lt;/SPAN&gt;&lt;/P&gt;&lt;/DIV&gt;&lt;/DIV&gt;&lt;/DIV&gt;</dialogReference><pythonReference>&lt;DIV STYLE="text-align:Left;"&gt;&lt;DIV&gt;&lt;DIV&gt;&lt;P&gt;&lt;SPAN&gt;Name of the feature labe&lt;/SPAN&gt;&lt;SPAN&gt;l&lt;/SPAN&gt;&lt;SPAN&gt;led as &lt;/SPAN&gt;&lt;SPAN&gt;-&lt;/SPAN&gt;&lt;SPAN&gt;1&lt;/SPAN&gt;&lt;SPAN&gt;. Usually non-deposits &lt;/SPAN&gt;&lt;/P&gt;&lt;/DIV&gt;&lt;/DIV&gt;&lt;/DIV&gt;</pythonReference></param><param name="field_name" displayname="Class Field Name" type="Required" direction="Input" datatype="String" expression="field_name"><dialogReference>&lt;DIV STYLE="text-align:Left;"&gt;&lt;DIV&gt;&lt;P&gt;&lt;SPAN&gt;Name of the field &lt;/SPAN&gt;&lt;SPAN&gt;w&lt;/SPAN&gt;&lt;SPAN&gt;ith the class label &lt;/SPAN&gt;&lt;/P&gt;&lt;/DIV&gt;&lt;/DIV&gt;</dialogReference><pythonReference>&lt;DIV STYLE="text-align:Left;"&gt;&lt;DIV&gt;&lt;P&gt;&lt;SPAN&gt;Name of the field &lt;/SPAN&gt;&lt;SPAN&gt;w&lt;/SPAN&gt;&lt;SPAN&gt;ith the class label &lt;/SPAN&gt;&lt;/P&gt;&lt;/DIV&gt;&lt;/DIV&gt;</pythonReference></param><param name="copy_data" displayname="Copy Fields From Points" type="Optional" direction="Input" datatype="Boolean" expression="{copy_data}"><dialogReference>&lt;DIV STYLE="text-align:Left;"&gt;&lt;DIV&gt;&lt;P&gt;&lt;SPAN&gt;S&lt;/SPAN&gt;&lt;SPAN&gt;elects if the previous data is kept (true) or deleted&lt;/SPAN&gt;&lt;SPAN&gt; (false)&lt;/SPAN&gt;&lt;/P&gt;&lt;/DIV&gt;&lt;/DIV&gt;</dialogReference><pythonReference>&lt;DIV STYLE="text-align:Left;"&gt;&lt;DIV&gt;&lt;P&gt;&lt;SPAN&gt;S&lt;/SPAN&gt;&lt;SPAN&gt;elects if the previous data is kept (true) or deleted&lt;/SPAN&gt;&lt;SPAN&gt; (false)&lt;/SPAN&gt;&lt;/P&gt;&lt;/DIV&gt;&lt;/DIV&gt;</pythonReference></param><param name="info_rasters" displayname="Information Rasters" type="Optional" direction="Input" datatype="Raster Layer" expression="{info_rasters}"><dialogReference>&lt;DIV STYLE="text-align:Left;"&gt;&lt;DIV&gt;&lt;P&gt;&lt;SPAN&gt;Multiband raster with the information to be included in the points&lt;/SPAN&gt;&lt;SPAN&gt;. Empty for no information&lt;/SPAN&gt;&lt;/P&gt;&lt;/DIV&gt;&lt;/DIV&gt;</dialogReference><pythonReference>&lt;DIV STYLE="text-align:Left;"&gt;&lt;DIV&gt;&lt;P&gt;&lt;SPAN&gt;Multiband raster with the information to be included in the points&lt;/SPAN&gt;&lt;SPAN&gt;. Empty for no information.&lt;/SPAN&gt;&lt;/P&gt;&lt;/DIV&gt;&lt;/DIV&gt;</pythonReference></param><param name="missing_value" displayname="Missing Value" type="Optional" direction="Input" datatype="Double" expression="{missing_value}"><dialogReference>&lt;DIV STYLE="text-align:Left;"&gt;&lt;DIV&gt;&lt;P&gt;&lt;SPAN&gt;Imputed value for missings. If none then the point&lt;/SPAN&gt;&lt;SPAN&gt;s with missing values &lt;/SPAN&gt;&lt;SPAN&gt;get deleted&lt;/SPAN&gt;&lt;SPAN&gt;.&lt;/SPAN&gt;&lt;/P&gt;&lt;/DIV&gt;&lt;/DIV&gt;</dialogReference><pythonReference>&lt;DIV STYLE="text-align:Left;"&gt;&lt;DIV&gt;&lt;P&gt;&lt;SPAN&gt;Imputed value for missings. If none then the point&lt;/SPAN&gt;&lt;SPAN&gt;s with missing values &lt;/SPAN&gt;&lt;SPAN&gt;get deleted&lt;/SPAN&gt;&lt;SPAN&gt;.&lt;/SPAN&gt;&lt;/P&gt;&lt;/DIV&gt;&lt;/DIV&gt;</pythonReference></param><param name="output" displayname="Output" type="Required" direction="Output" datatype="Feature Layer" expression="output"><dialogReference>&lt;DIV STYLE="text-align:Left;"&gt;&lt;DIV&gt;&lt;P&gt;&lt;SPAN&gt;Name of the unique feature with the data &lt;/SPAN&gt;&lt;/P&gt;&lt;/DIV&gt;&lt;/DIV&gt;</dialogReference><pythonReference>&lt;DIV STYLE="text-align:Left;"&gt;&lt;DIV&gt;&lt;P&gt;&lt;SPAN&gt;Name of the unique feature with the data &lt;/SPAN&gt;&lt;/P&gt;&lt;/DIV&gt;&lt;/DIV&gt;</pythonReference></param></parameters><summary>&lt;DIV STYLE="text-align:Left;"&gt;&lt;DIV&gt;&lt;DIV&gt;&lt;P&gt;&lt;SPAN&gt;Takes a set of deposits and non-deposits, labels them and adds the information of the rasters in a single feature&lt;/SPAN&gt;&lt;SPAN&gt;.&lt;/SPAN&gt;&lt;/P&gt;&lt;/DIV&gt;&lt;/DIV&gt;&lt;/DIV&gt;</summary></tool><dataIdInfo><idCitation><resTitle>Enrich Points</resTitle></idCitation><idAbs>&lt;DIV STYLE="text-align:Left;"&gt;&lt;DIV&gt;&lt;DIV&gt;&lt;P&gt;&lt;SPAN&gt;Takes a set of deposits and non-deposits, labels them and adds the information of the rasters in a single feature&lt;/SPAN&gt;&lt;SPAN&gt;.&lt;/SPAN&gt;&lt;/P&gt;&lt;/DIV&gt;&lt;/DIV&gt;&lt;/DIV&gt;</idAbs><idCredit>By: Irving Cabrera &lt;irvcaza@gmail.com&gt; If you use this tool, please cite C. Z. Irving Gibran, “The Use of Boosting Methods for Mineral Prospectivity Mapping within the ArcGIS Platform,” Technische Universitat Munchen, 2017. </idCredit><searchKeys><keyword>assign values</keyword><keyword>multiband raster</keyword><keyword>classification</keyword><keyword>labelling</keyword></searchKeys></dataIdInfo><distInfo><distributor><distorFormat><formatName>ArcToolbox Tool</formatName></distorFormat></distributor></distInfo><mdHrLv><ScopeCd value="005"/></mdHrLv></metadata>
