<?xml version="1.0" encoding="UTF-8"?>
<metadata xml:lang="fi"><Esri><CreaDate>20170220</CreaDate><CreaTime>12460600</CreaTime><ArcGISFormat>1.0</ArcGISFormat><SyncOnce>TRUE</SyncOnce><ModDate>20171010</ModDate><ModTime>164440</ModTime></Esri><toolbox name="Experimental_tools" alias="experimentaltools"><arcToolboxHelpPath>c:\program files (x86)\arcgis\desktop10.5\Help\gp</arcToolboxHelpPath><toolsets/></toolbox><dataIdInfo><idCitation><resTitle>Experimental_tools</resTitle></idCitation></dataIdInfo><distInfo><distributor><distorFormat><formatName>ArcToolbox Toolbox</formatName></distorFormat></distributor></distInfo></metadata>
