<metadata xml:lang="en"><Esri><CreaDate>20170821</CreaDate><CreaTime>10134900</CreaTime><ArcGISFormat>1.0</ArcGISFormat><SyncOnce>TRUE</SyncOnce><ModDate>20171010</ModDate><ModTime>17043600</ModTime><scaleRange><minScale>150000000</minScale><maxScale>5000</maxScale></scaleRange><ArcGISProfile>ItemDescription</ArcGISProfile></Esri><tool name="CreateRandomPoints" displayname="Create Random Points" toolboxalias="experimentaltools" xmlns=""><arcToolboxHelpPath>c:\program files (x86)\arcgis\desktop10.5\Help\gp</arcToolboxHelpPath><parameters><param name="output_points" displayname="Output Points Feature Class" type="Required" direction="Output" datatype="Feature Layer" expression="output_points"><dialogReference>&lt;DIV STYLE="text-align:Left;"&gt;&lt;DIV&gt;&lt;P&gt;&lt;SPAN&gt;Name of the feature class with the created points &lt;/SPAN&gt;&lt;/P&gt;&lt;/DIV&gt;&lt;/DIV&gt;</dialogReference><pythonReference>&lt;DIV STYLE="text-align:Left;"&gt;&lt;DIV&gt;&lt;P&gt;&lt;SPAN&gt;Name of the feature class with the created points &lt;/SPAN&gt;&lt;/P&gt;&lt;/DIV&gt;&lt;/DIV&gt;</pythonReference></param><param name="number_points" displayname="Number of Random Points" type="Required" direction="Input" datatype="Long" expression="number_points"><dialogReference>&lt;DIV STYLE="text-align:Left;"&gt;&lt;DIV&gt;&lt;P&gt;&lt;SPAN&gt;Number of points to be created &lt;/SPAN&gt;&lt;/P&gt;&lt;/DIV&gt;&lt;/DIV&gt;</dialogReference><pythonReference>&lt;DIV STYLE="text-align:Left;"&gt;&lt;DIV&gt;&lt;P&gt;&lt;SPAN&gt;Number of points to be created &lt;/SPAN&gt;&lt;/P&gt;&lt;/DIV&gt;&lt;/DIV&gt;</pythonReference></param><param name="constraining_area" displayname="Constraining Area" type="Required" direction="Input" datatype="Feature Layer" expression="constraining_area"><dialogReference>&lt;DIV STYLE="text-align:Left;"&gt;&lt;DIV&gt;&lt;DIV&gt;&lt;P&gt;&lt;SPAN&gt;Initial area to be constrainde&lt;/SPAN&gt;&lt;SPAN&gt;d&lt;/SPAN&gt;&lt;SPAN&gt; from&lt;/SPAN&gt;&lt;/P&gt;&lt;/DIV&gt;&lt;/DIV&gt;&lt;/DIV&gt;</dialogReference><pythonReference>&lt;DIV STYLE="text-align:Left;"&gt;&lt;DIV&gt;&lt;DIV&gt;&lt;P&gt;&lt;SPAN&gt;Initial area to be constrainde&lt;/SPAN&gt;&lt;SPAN&gt;d&lt;/SPAN&gt;&lt;SPAN&gt; from&lt;/SPAN&gt;&lt;/P&gt;&lt;/DIV&gt;&lt;/DIV&gt;&lt;/DIV&gt;</pythonReference></param><param name="constraining_rasters" displayname="Constraining Rasters" type="Optional" direction="Input" datatype="Raster Layer" expression="{constraining_rasters}"><dialogReference>&lt;DIV STYLE="text-align:Left;"&gt;&lt;DIV&gt;&lt;P&gt;&lt;SPAN&gt;Raster that will constrain the selection area to zones where all bands have values (Not NaN)&lt;/SPAN&gt;&lt;/P&gt;&lt;/DIV&gt;&lt;/DIV&gt;</dialogReference><pythonReference>&lt;DIV STYLE="text-align:Left;"&gt;&lt;DIV&gt;&lt;P&gt;&lt;SPAN&gt;Raster that will constrain the selection area to zones where all bands have values (Not NaN)&lt;/SPAN&gt;&lt;/P&gt;&lt;/DIV&gt;&lt;/DIV&gt;</pythonReference></param><param name="buffer_points" displayname="Buffer Points" type="Optional" direction="Input" datatype="Feature Layer" expression="{buffer_points}"><dialogReference>&lt;DIV STYLE="text-align:Left;"&gt;&lt;DIV&gt;&lt;P&gt;&lt;SPAN&gt;Centers of buffer areas to select inside or outside &lt;/SPAN&gt;&lt;/P&gt;&lt;/DIV&gt;&lt;/DIV&gt;</dialogReference><pythonReference>&lt;DIV STYLE="text-align:Left;"&gt;&lt;DIV&gt;&lt;P&gt;&lt;SPAN&gt;Centers of buffer areas to select inside or outside &lt;/SPAN&gt;&lt;/P&gt;&lt;/DIV&gt;&lt;/DIV&gt;</pythonReference></param><param name="buffer_distance" displayname="Buffer Distance" type="Optional" direction="Input" datatype="Linear unit" expression="{buffer_distance}"><dialogReference>&lt;DIV STYLE="text-align:Left;"&gt;&lt;DIV&gt;&lt;P STYLE="margin:1 1 1 0;"&gt;&lt;SPAN&gt;Radius of the buffer distance &lt;/SPAN&gt;&lt;/P&gt;&lt;/DIV&gt;&lt;/DIV&gt;</dialogReference><pythonReference>&lt;DIV STYLE="text-align:Left;"&gt;&lt;DIV&gt;&lt;P&gt;&lt;SPAN&gt;Radius of the buffer distance &lt;/SPAN&gt;&lt;/P&gt;&lt;/DIV&gt;&lt;/DIV&gt;</pythonReference></param><param name="select_inside" displayname="Select Inside Buffer" type="Optional" direction="Input" datatype="Boolean" expression="{select_inside}"><dialogReference>&lt;DIV STYLE="text-align:Left;"&gt;&lt;DIV&gt;&lt;DIV&gt;&lt;P&gt;&lt;SPAN&gt;Choose if the created points are inside the buffer areas (True) or outside (False).&lt;/SPAN&gt;&lt;/P&gt;&lt;/DIV&gt;&lt;/DIV&gt;&lt;/DIV&gt;</dialogReference><pythonReference>&lt;DIV STYLE="text-align:Left;"&gt;&lt;DIV&gt;&lt;DIV&gt;&lt;P&gt;&lt;SPAN&gt;Choose if the created points are inside the buffer areas (True) or outside (False).&lt;/SPAN&gt;&lt;/P&gt;&lt;/DIV&gt;&lt;/DIV&gt;&lt;/DIV&gt;</pythonReference></param><param name="minimum_distance" displayname="Minimum Distance Between Points" type="Optional" direction="Input" datatype="Linear unit" expression="{minimum_distance}"><dialogReference>&lt;DIV STYLE="text-align:Left;"&gt;&lt;DIV&gt;&lt;P&gt;&lt;SPAN&gt;Minimum distance among created points&lt;/SPAN&gt;&lt;/P&gt;&lt;/DIV&gt;&lt;/DIV&gt;</dialogReference><pythonReference>&lt;DIV STYLE="text-align:Left;"&gt;&lt;DIV&gt;&lt;P&gt;&lt;SPAN&gt;Minimum distance among created points&lt;/SPAN&gt;&lt;/P&gt;&lt;/DIV&gt;&lt;/DIV&gt;</pythonReference></param></parameters><summary>&lt;DIV STYLE="text-align:Left;"&gt;&lt;DIV&gt;&lt;DIV&gt;&lt;P&gt;&lt;SPAN&gt;Creates a selection of points with additional restrictions to the selection area.&lt;/SPAN&gt;&lt;/P&gt;&lt;P&gt;&lt;SPAN /&gt;&lt;/P&gt;&lt;/DIV&gt;&lt;/DIV&gt;&lt;/DIV&gt;</summary><usage>&lt;DIV STYLE="text-align:Left;"&gt;&lt;DIV&gt;&lt;DIV&gt;&lt;P&gt;&lt;SPAN&gt;The created points are:&lt;/SPAN&gt;&lt;/P&gt;&lt;UL&gt;&lt;LI&gt;&lt;P&gt;&lt;SPAN&gt;inside the &lt;/SPAN&gt;&lt;SPAN STYLE="font-style:italic;"&gt;constraining area&lt;/SPAN&gt;&lt;SPAN&gt;,&lt;/SPAN&gt;&lt;/P&gt;&lt;/LI&gt;&lt;LI&gt;&lt;P&gt;&lt;SPAN&gt;separated at least &lt;/SPAN&gt;&lt;SPAN STYLE="font-style:italic;"&gt;minimum distance &lt;/SPAN&gt;&lt;SPAN&gt;among each other&lt;/SPAN&gt;&lt;/P&gt;&lt;/LI&gt;&lt;LI&gt;&lt;P&gt;&lt;SPAN&gt;away from &lt;/SPAN&gt;&lt;SPAN STYLE="font-style:italic;"&gt;buffer points &lt;/SPAN&gt;&lt;SPAN&gt;with a maximum&lt;/SPAN&gt;&lt;SPAN&gt;/&lt;/SPAN&gt;&lt;SPAN&gt;minimum distance of &lt;/SPAN&gt;&lt;SPAN STYLE="font-style:italic;"&gt;buffer distance &lt;/SPAN&gt;&lt;/P&gt;&lt;/LI&gt;&lt;LI&gt;&lt;P&gt;&lt;SPAN&gt;in areas wher&lt;/SPAN&gt;&lt;SPAN&gt;e&lt;/SPAN&gt;&lt;SPAN&gt; all bands of &lt;/SPAN&gt;&lt;SPAN STYLE="font-style:italic;"&gt;constraining rasters &lt;/SPAN&gt;&lt;SPAN&gt;have a finite value &lt;/SPAN&gt;&lt;/P&gt;&lt;/LI&gt;&lt;/UL&gt;&lt;/DIV&gt;&lt;/DIV&gt;&lt;/DIV&gt;</usage></tool><dataIdInfo><idCitation><resTitle>Create Random Points</resTitle></idCitation><idAbs>&lt;DIV STYLE="text-align:Left;"&gt;&lt;DIV&gt;&lt;DIV&gt;&lt;P&gt;&lt;SPAN&gt;Creates a selection of points with additional restrictions to the selection area.&lt;/SPAN&gt;&lt;/P&gt;&lt;P&gt;&lt;SPAN /&gt;&lt;/P&gt;&lt;/DIV&gt;&lt;/DIV&gt;&lt;/DIV&gt;</idAbs><idCredit>By: Irving Cabrera &lt;irvcaza@gmail.com&gt; If you use this tool, please cite C. Z. Irving Gibran, “The Use of Boosting Methods for Mineral Prospectivity Mapping within the ArcGIS Platform,” Technische Universitat Munchen, 2017. </idCredit><searchKeys><keyword>buffer</keyword><keyword>full information</keyword><keyword>random selection</keyword></searchKeys></dataIdInfo><distInfo><distributor><distorFormat><formatName>ArcToolbox Tool</formatName></distorFormat></distributor></distInfo><mdHrLv><ScopeCd value="005"/></mdHrLv></metadata>
